state,year,assets,liabilities,debt,fundedRatio,changeInFundedRatio,fundedRank,arc,actual,shortfall,percentPaid
Alabama,2013,29419597.00,44616643.00,15197052.00,0.66,0.00,30.00,980614.00,980614.00,0.00,1.00
Alaska,2013,9830273.00,18779068.00,8948795.00,0.52,-0.02,47.00,652978.00,588882.00,64096.00,0.90
Arizona,2013,38206174.00,53313693.00,15107518.00,0.72,0.00,24.00,1350144.00,1350144.00,0.00,1.00
Arkansas,2013,20113374.00,26999917.00,6886543.00,0.75,0.03,20.00,742059.00,695567.00,46492.00,0.94
California,2013,440670471.00,610304199.00,169633728.00,0.72,-0.05,23.00,16222320.00,11348776.00,4873544.00,0.70
Colorado,2013,41122833.00,66920789.00,25797956.00,0.62,-0.02,37.00,1402624.00,1102081.00,300543.00,0.79
Connecticut,2013,23693972.00,48949911.00,25255939.00,0.48,-0.01,48.00,1863194.00,1861655.00,1539.00,1.00
Delaware,2013,8171825.00,9262484.00,1090659.00,0.88,0.00,8.00,211532.00,208339.00,3193.00,0.99
Florida,2013,131900961.00,163144420.00,31243459.00,0.81,-0.01,10.00,2631174.00,1707860.00,923314.00,0.65
Georgia,2013,71845410.00,90504321.00,18658911.00,0.79,-0.01,16.00,1567656.00,1568400.00,-744.00,1.00
Hawaii,2013,12748800.00,21243700.00,8494900.00,0.60,0.01,40.00,667142.00,581447.00,85695.00,0.87
Idaho,2013,12472519.00,14574790.00,2102271.00,0.86,0.01,9.00,300105.00,302304.00,-2199.00,1.01
Illinois,2013,64957276.00,165458123.00,100500847.00,0.39,-0.01,50.00,7015247.00,5893783.00,1121464.00,0.84
Indiana,2013,27783243.00,42911034.00,15127790.00,0.65,0.04,33.00,1654344.00,1981356.00,-327012.00,1.20
Iowa,2013,25157891.00,31175536.00,6017645.00,0.81,0.01,11.00,641718.00,622272.00,19446.00,0.97
Kansas,2013,14562765.00,24328670.00,9765906.00,0.60,0.03,42.00,825197.00,618898.00,206299.00,0.75
Kentucky,2013,18572736.00,42044122.00,23471386.00,0.44,-0.03,49.00,1351435.00,907037.00,444397.00,0.67
Louisiana,2013,26377183.00,45401756.00,19024572.00,0.58,0.02,44.00,2037367.00,1947843.00,89523.00,0.96
Maine,2013,11451994.00,14394317.00,2942323.00,0.80,0.01,15.00,291503.00,291503.00,0.00,1.00
Maryland,2013,39544735.00,60536766.00,20992031.00,0.65,0.01,32.00,2179666.00,1667719.00,511947.00,0.77
Massachusetts,2013,45894034.00,74736194.00,28842160.00,0.61,0.01,38.00,1963268.00,1576235.00,387033.00,0.80
Michigan,2013,48925811.00,81699846.00,32774035.00,0.60,-0.01,41.00,2614804.00,2024762.00,590043.00,0.77
Minnesota,2013,47953245.00,64209183.00,16255938.00,0.75,0.00,19.00,1364221.00,973640.00,390581.00,0.71
Mississippi,2013,20928447.00,36343989.00,15415542.00,0.58,0.00,45.00,915228.00,915735.00,-507.00,1.00
Missouri,2013,45335949.00,59188742.00,13852794.00,0.77,-0.01,18.00,1162244.00,1299098.00,-136854.00,1.12
Montana,2013,8257429.00,11269421.00,3011992.00,0.73,0.09,22.00,240947.00,201071.00,39876.00,0.84
Nebraska,2013,9581947.00,11983123.00,2401176.00,0.80,0.01,14.00,282822.00,242576.00,40247.00,0.86
Nevada,2013,29186234.00,42092185.00,12905950.00,0.69,-0.02,25.00,1523801.00,1316485.00,207316.00,0.86
New Hampshire,2013,6112228.00,10780075.00,4667846.00,0.57,0.01,46.00,254249.00,254249.00,0.00,1.00
New Jersey,2013,86122541.00,137147257.00,51024716.00,0.63,-0.02,35.00,5668971.00,2671410.00,2997561.00,0.47
New Mexico,2013,22459639.00,33680797.00,11221159.00,0.67,0.04,28.00,1014521.00,592259.00,422263.00,0.58
New York,2013,155285000.00,175131000.00,19846000.00,0.89,0.01,6.00,5336045.00,5336045.00,0.00,1.00
North Carolina,2013,84912602.00,88494411.00,3581808.00,0.96,0.01,3.00,1468069.00,1512944.00,-44875.00,1.03
North Dakota,2013,3570622.00,5851539.00,2280917.00,0.61,-0.02,39.00,152572.00,109786.00,42786.00,0.72
Ohio,2013,134600932.00,181908636.00,47307704.00,0.74,0.07,21.00,4563153.00,2978941.00,1584212.00,0.65
Oklahoma,2013,22608163.00,33992133.00,11383970.00,0.67,0.02,29.00,1171200.00,1179148.00,-7948.00,1.01
Oregon,2013,60014100.00,62593600.00,2579500.00,0.96,0.05,4.00,N/A,834162.00,N/A,N/A
Pennsylvania,2013,83328447.00,133826396.00,50497949.00,0.62,-0.02,36.00,4424724.00,2225811.00,2198913.00,0.50
Rhode Island,2013,6249402.00,10688726.00,4439324.00,0.59,0.00,43.00,319618.00,319618.00,0.00,1.00
South Carolina,2013,29882998.00,47254021.00,17371023.00,0.63,-0.02,34.00,1107583.00,1107583.00,0.00,1.00
South Dakota,2013,8857989.00,8865588.00,7598.00,1.00,0.07,1.00,101750.00,102376.00,-627.00,1.01
Tennessee,2013,39249318.00,41913433.00,2664115.00,0.94,0.02,5.00,1010425.00,1010425.00,0.00,1.00
Texas,2013,147626488.00,183517636.00,35891148.00,0.80,-0.02,12.00,3847129.00,2661753.00,1185376.00,0.69
Utah,2013,23405396.00,29171564.00,5766168.00,0.80,0.04,13.00,902264.00,902264.00,0.00,1.00
Vermont,2013,3468330.00,5009560.00,1541230.00,0.69,-0.01,26.00,111587.00,128470.00,-16883.00,1.15
Virginia,2013,54027587.00,82407426.00,28379839.00,0.66,0.00,31.00,2360273.00,1791478.00,568795.00,0.76
Washington,2013,65644900.00,74347100.00,8702200.00,0.88,-0.07,7.00,1675100.00,1257571.00,417529.00,0.75
West Virginia,2013,11218521.00,16728771.00,5510250.00,0.67,0.04,27.00,699040.00,697182.00,1858.00,1.00
Wisconsin,2013,85276100.00,85328700.00,52600.00,1.00,0.00,2.00,912400.00,912400.00,0.00,1.00
Wyoming,2013,7186844.00,9132959.00,1946115.00,0.79,-0.01,17.00,184651.00,151701.00,32950.00,0.82
US Total,2013,2465775276.00,3434158270.00,968382999.00,0.72,-0.01,N/A,91940678.00,73513657.00,19261183.00,0.80
Alabama,2012,28136859.00,42516832.00,14379973.00,0.66,-0.01,26.00,946573.00,946573.00,0.00,1.00
Alaska,2012,9871967.00,18061980.00,8190013.00,0.55,-0.05,47.00,588631.00,517050.00,71581.00,0.88
Arizona,2012,36868930.00,51243743.00,14374813.00,0.72,-0.01,21.00,1209913.00,1209913.00,0.00,1.00
Arkansas,2012,18745631.00,26255238.00,7509607.00,0.71,-0.01,22.00,712541.00,673360.00,39181.00,0.95
California,2012,436287572.00,567751143.00,131463571.00,0.77,0.00,18.00,16032759.00,11538446.00,4494313.00,0.72
Colorado,2012,39079472.00,61790595.00,22711123.00,0.63,0.02,35.00,1173595.00,994283.00,179312.00,0.85
Connecticut,2012,23654458.00,48200472.00,24546014.00,0.49,-0.06,48.00,1698713.00,1698684.00,29.00,1.00
Delaware,2012,7862288.00,8899785.00,1037497.00,0.88,-0.02,7.00,196462.00,194272.00,2190.00,0.99
Florida,2012,128112127.00,157068063.00,28955936.00,0.82,-0.01,11.00,2547416.00,1499220.00,1048196.00,0.59
Georgia,2012,69608144.00,86383983.00,16775839.00,0.81,-0.02,12.00,1375335.00,1375822.00,-487.00,1.00
Hawaii,2012,12242500.00,20683400.00,8440900.00,0.59,0.00,41.00,654755.00,548353.00,106402.00,0.84
Idaho,2012,11704299.00,13781856.00,2077557.00,0.85,-0.05,9.00,338779.00,292473.00,46306.00,0.86
Illinois,2012,64029871.00,158611516.00,94581645.00,0.40,-0.03,50.00,6612369.00,5010518.00,1601851.00,0.76
Indiana,2012,25528563.00,41883520.00,16354957.00,0.61,-0.02,39.00,1733433.00,1517204.00,216229.00,0.88
Iowa,2012,23940276.00,30096586.00,6156310.00,0.80,0.00,14.00,593442.00,577362.00,16079.00,0.97
Kansas,2012,13278490.00,23531423.00,10252933.00,0.56,-0.03,44.00,843362.00,565052.00,278309.00,0.67
Kentucky,2012,18765565.00,40121012.00,21355447.00,0.47,-0.04,49.00,1252121.00,814269.00,437852.00,0.65
Louisiana,2012,24430255.00,43736103.00,19305848.00,0.56,0.00,46.00,1971426.00,1911610.00,59816.00,0.97
Maine,2012,11076487.00,14011605.00,2935118.00,0.79,-0.01,15.00,274914.00,275230.00,-316.00,1.00
Maryland,2012,37437320.00,58304950.00,20867630.00,0.64,0.00,31.00,2053679.00,1432091.00,621588.00,0.70
Massachusetts,2012,43517498.00,71621732.00,28104234.00,0.61,-0.05,40.00,1669230.00,1458813.00,210417.00,0.87
Michigan,2012,49348939.00,80519650.00,31170711.00,0.61,-0.04,38.00,2320221.00,1920174.00,400047.00,0.83
Minnesota,2012,47111760.00,62720384.00,15608624.00,0.75,-0.03,20.00,1159547.00,934199.00,225348.00,0.81
Mississippi,2012,20429973.00,35290396.00,14860423.00,0.58,-0.04,43.00,800199.00,805271.00,-5072.00,1.01
Missouri,2012,44463047.00,56985830.00,12522783.00,0.78,-0.04,17.00,1344600.00,1244510.00,100090.00,0.93
Montana,2012,7605142.00,11907949.00,4302807.00,0.64,-0.02,32.00,282488.00,196159.00,86330.00,0.69
Nebraska,2012,9058379.00,11484451.00,2426073.00,0.79,-0.03,16.00,248529.00,225432.00,23097.00,0.91
Nevada,2012,27466740.00,38703611.00,11236871.00,0.71,0.01,23.00,1391350.00,1338624.00,52726.00,0.96
New Hampshire,2012,5859429.00,10432906.00,4573477.00,0.56,-0.01,45.00,257343.00,257343.00,0.00,1.00
New Jersey,2012,85938990.00,133148464.00,47209474.00,0.65,-0.03,30.00,5545701.00,2140168.00,3405533.00,0.39
New Mexico,2012,21397288.00,33886625.00,12489337.00,0.63,-0.04,36.00,874924.00,535669.00,339255.00,0.61
New York,2012,147809000.00,169266000.00,21457000.00,0.87,-0.03,8.00,4585177.00,4585177.00,0.00,1.00
North Carolina,2012,81198252.00,85079557.00,3881305.00,0.95,0.00,2.00,1398191.00,1399102.00,-911.00,1.00
North Dakota,2012,3498700.00,5513000.00,2014300.00,0.64,-0.05,34.00,163003.00,85979.00,77024.00,0.53
Ohio,2012,128002724.00,191146281.00,63143558.00,0.67,0.00,25.00,4511288.00,2587862.00,1923426.00,0.57
Oklahoma,2012,21469676.00,33072055.00,11602379.00,0.65,-0.02,29.00,1095372.00,1133763.00,-38392.00,1.04
Oregon,2012,54784100.00,60405200.00,5621100.00,0.91,0.09,6.00,1239400.00,892368.00,N/A,0.72
Pennsylvania,2012,83530288.00,130816264.00,47285976.00,0.64,-0.04,33.00,3673876.00,1564023.00,2109853.00,0.43
Rhode Island,2012,6295214.00,10816459.00,4521245.00,0.58,-0.01,42.00,367282.00,367282.00,0.00,1.00
South Carolina,2012,29555334.00,45202202.00,15646868.00,0.65,-0.03,27.00,973834.00,973834.00,0.00,1.00
South Dakota,2012,7932327.00,8570534.00,638207.00,0.93,-0.04,4.00,100240.00,99867.00,373.00,1.00
Tennessee,2012,36680782.00,40069332.00,3388550.00,0.92,0.00,5.00,1002686.00,1002686.00,0.00,1.00
Texas,2012,143799385.00,175469714.00,31670329.00,0.82,-0.01,10.00,3557450.00,2438834.00,1118617.00,0.69
Utah,2012,21369935.00,27939108.00,6569173.00,0.77,-0.02,19.00,813259.00,813259.00,0.00,1.00
Vermont,2012,3335632.00,4754089.00,1418457.00,0.70,-0.02,24.00,91522.00,107986.00,-16464.00,1.18
Virginia,2012,53069000.00,81207000.00,28138000.00,0.65,-0.04,28.00,1723651.00,1016482.00,707169.00,0.59
Washington,2012,63297256.00,66553456.00,3256200.00,0.95,0.01,3.00,1629600.00,1212601.00,416999.00,0.74
West Virginia,2012,10279137.00,16299371.00,6020234.00,0.63,-0.01,37.00,668223.00,705079.00,-36856.00,1.06
Wisconsin,2012,78613000.00,78682700.00,69700.00,1.00,0.00,1.00,826100.00,826100.00,0.00,1.00
Wyoming,2012,6609063.00,8300258.00,1691194.00,0.80,-0.03,13.00,164142.00,146353.00,17789.00,0.89
US Total,2012,2383987064.00,3298798385.00,914811320.00,0.72,-0.02,N/A,87288647.00,66606785.00,20334830.00,0.76
Alabama,2011,29122163.00,43536747.00,14414584.00,0.67,-0.03,32.00,1185548.00,1185548.00,0.00,1.00
Alaska,2011,10257331.00,17339451.00,7082120.00,0.59,0.00,45.00,394768.00,352751.00,42018.00,0.89
Arizona,2011,35613124.00,48637738.00,13024614.00,0.73,-0.02,21.00,1116650.00,1116650.00,0.00,1.00
Arkansas,2011,18227078.00,25155070.00,6927992.00,0.73,-0.02,23.00,650362.00,634822.00,15540.00,0.98
California,2011,424265646.00,548905977.00,124640331.00,0.77,-0.01,20.00,15601794.00,11191156.00,4410637.00,0.72
Colorado,2011,37185067.00,60734721.00,23549654.00,0.61,-0.05,41.00,1056886.00,919058.00,137828.00,0.87
Connecticut,2011,24732705.00,44899473.00,20166768.00,0.55,0.02,48.00,1541878.00,1407394.00,134484.00,0.91
Delaware,2011,7630279.00,8417097.00,786818.00,0.91,-0.01,6.00,176245.00,172426.00,3819.00,0.98
Florida,2011,126369512.00,153499005.00,27129493.00,0.82,0.01,12.00,4243949.00,3387140.00,856809.00,0.80
Georgia,2011,69180337.00,83863970.00,14683633.00,0.83,-0.02,11.00,1361767.00,1361842.00,-75.00,1.00
Hawaii,2011,11942800.00,20096900.00,8154100.00,0.59,-0.02,42.00,582535.00,534858.00,47677.00,0.92
Idaho,2011,11762140.00,13029928.00,1267788.00,0.90,0.12,8.00,337686.00,294428.00,43258.00,0.87
Illinois,2011,63553047.00,146460001.00,82906954.00,0.43,-0.02,50.00,5399799.00,4298066.00,1101733.00,0.80
Indiana,2011,25198439.00,39897927.00,14699488.00,0.63,-0.02,39.00,1704823.00,1426132.00,278691.00,0.84
Iowa,2011,22973672.00,28883186.00,5909514.00,0.80,-0.02,17.00,591509.00,485691.00,105818.00,0.82
Kansas,2011,13379020.00,22607170.00,9228150.00,0.59,-0.03,43.00,709964.00,525374.00,184591.00,0.74
Kentucky,2011,19647575.00,38883793.00,19236218.00,0.51,-0.04,49.00,1112167.00,1268964.00,-156797.00,1.14
Louisiana,2011,23800372.00,42312417.00,18512045.00,0.56,0.00,47.00,1889321.00,1671579.00,217743.00,0.89
Maine,2011,10914716.00,13602833.00,2688117.00,0.80,0.10,16.00,345837.00,351705.00,-5868.00,1.02
Maryland,2011,36350594.00,56336669.00,19986075.00,0.65,0.01,37.00,1934608.00,1420920.00,513688.00,0.73
Massachusetts,2011,43942119.00,67283758.00,23341639.00,0.65,-0.06,35.00,1333749.00,1375013.00,-41264.00,1.03
Michigan,2011,52804804.00,81133844.00,28329040.00,0.65,-0.07,36.00,1919306.00,1666077.00,253230.00,0.87
Minnesota,2011,46632662.00,59375671.00,12743009.00,0.79,-0.02,18.00,1055451.00,889612.00,165839.00,0.84
Mississippi,2011,20774640.00,33451106.00,12676466.00,0.62,-0.02,40.00,754363.00,758578.00,-4215.00,1.01
Missouri,2011,44816371.00,54708229.00,9891858.00,0.82,0.05,14.00,1273797.00,1184163.00,89635.00,0.93
Montana,2011,7559281.00,11410856.00,3851575.00,0.66,-0.04,34.00,260399.00,195621.00,64778.00,0.75
Nebraska,2011,8636514.00,10561045.00,1924531.00,0.82,-0.02,15.00,230824.00,210127.00,20698.00,0.91
Nevada,2011,25931848.00,36969843.00,11037995.00,0.70,0.00,24.00,1436433.00,1270564.00,165869.00,0.89
New Hampshire,2011,5784530.00,10058077.00,4273547.00,0.58,-0.01,46.00,276939.00,276939.00,0.00,1.00
New Jersey,2011,86721774.00,128463551.00,41741777.00,0.68,-0.03,29.00,5438091.00,1755249.00,3682842.00,0.32
New Mexico,2011,21679251.00,32368087.00,10688837.00,0.67,-0.05,31.00,741733.00,599647.00,142086.00,0.81
New York,2011,148600000.00,164256000.00,15656000.00,0.91,-0.04,7.00,4164571.00,4164571.00,0.00,1.00
North Carolina,2011,78403200.00,82300428.00,3897228.00,0.95,-0.01,3.00,1274862.00,1027442.00,247420.00,0.81
North Dakota,2011,3596600.00,5224100.00,1627500.00,0.69,-0.03,26.00,149767.00,78163.00,71604.00,0.52
Ohio,2011,124169855.00,184343904.00,60174049.00,0.67,0.01,30.00,3998763.00,2664166.00,1334596.00,0.67
Oklahoma,2011,21136206.00,31703936.00,10567730.00,0.67,0.11,33.00,1632710.00,1066338.00,566372.00,0.65
Oregon,2011,50168200.00,61198400.00,11030200.00,0.82,-0.05,13.00,779100.00,646653.00,N/A,0.83
Pennsylvania,2011,86759561.00,127922262.00,41162701.00,0.68,-0.07,28.00,3350380.00,1037749.00,2312631.00,0.31
Rhode Island,2011,6333356.00,10702085.00,4368728.00,0.59,0.11,44.00,315354.00,315354.00,0.00,1.00
South Carolina,2011,29539613.00,43512617.00,13973004.00,0.68,0.01,27.00,952390.00,952390.00,0.00,1.00
South Dakota,2011,7532802.00,7822191.00,289389.00,0.96,0.00,2.00,100389.00,102673.00,-2284.00,1.02
Tennessee,2011,36680782.00,40069332.00,3388550.00,0.92,0.02,5.00,995540.00,995540.00,0.00,1.00
Texas,2011,140429017.00,169296370.00,28867353.00,0.83,0.00,10.00,3508890.00,2825795.00,683095.00,0.81
Utah,2011,21117218.00,26956504.00,5839286.00,0.78,-0.04,19.00,753664.00,753664.00,0.00,1.00
Vermont,2011,3238011.00,4463336.00,1225325.00,0.73,-0.02,22.00,103841.00,98958.00,4884.00,0.95
Virginia,2011,54473000.00,78423000.00,23950000.00,0.70,-0.03,25.00,1683488.00,778968.00,904520.00,0.46
Washington,2011,60829162.00,64932162.00,4103000.00,0.94,-0.01,4.00,1499600.00,971650.00,527950.00,0.65
West Virginia,2011,10074666.00,15741272.00,5666606.00,0.64,0.06,38.00,696843.00,695238.00,1605.00,1.00
Wisconsin,2011,76465900.00,76565200.00,99300.00,1.00,0.00,1.00,784100.00,815464.00,-31364.00,1.04
Wyoming,2011,6613541.00,7969992.00,1356451.00,0.83,-0.03,9.00,150105.00,143650.00,6456.00,0.96
US Total,2011,2353550101.00,3186287229.00,832737129.00,0.74,-0.01,N/A,83553540.00,64322518.00,19098574.00,0.77
Alabama,2010,30118307.00,42942101.00,12823794.00,0.70,-0.04,32.00,1165133.00,1165133.00,0.00,1.00
Alaska,2010,9876701.00,16592762.00,6716061.00,0.60,-0.01,42.00,397137.00,328803.00,68333.00,0.83
Arizona,2010,34902790.00,46500674.00,11597884.00,0.75,-0.03,21.00,1111333.00,1111333.00,0.00,1.00
Arkansas,2010,17840827.00,23849287.00,6008461.00,0.75,-0.03,22.00,569776.00,603892.00,-34116.00,1.06
California,2010,404538541.00,516306424.00,111767883.00,0.78,-0.02,18.00,13320725.00,10027924.00,3292801.00,0.75
Colorado,2010,39229261.00,59338149.00,20108888.00,0.66,-0.03,36.00,1346763.00,891475.00,455288.00,0.66
Connecticut,2010,23959545.00,44826945.00,20867400.00,0.53,-0.08,48.00,1472051.00,1279751.00,192300.00,0.87
Delaware,2010,7289611.00,7922174.00,632563.00,0.92,-0.02,6.00,148586.00,144236.00,4350.00,0.97
Florida,2010,121221125.00,148116907.00,26895782.00,0.82,-0.02,14.00,2856920.00,3048317.00,-191397.00,1.07
Georgia,2010,68670204.00,81093057.00,12422853.00,0.85,-0.05,10.00,1330043.00,1330118.00,-75.00,1.00
Hawaii,2010,11345600.00,18483700.00,7138100.00,0.61,-0.03,41.00,536237.00,547613.00,-11376.00,1.02
Idaho,2010,9910767.00,12589300.00,2678533.00,0.79,0.05,17.00,265835.00,300123.00,-34288.00,1.13
Illinois,2010,63053413.00,138794302.00,75740889.00,0.45,-0.05,50.00,4761507.00,4130844.00,630663.00,0.87
Indiana,2010,25242799.00,39005478.00,13762679.00,0.65,-0.02,37.00,1476131.00,1381033.00,95099.00,0.94
Iowa,2010,21927433.00,27057850.00,5130417.00,0.81,0.00,15.00,524877.00,465498.00,59379.00,0.89
Kansas,2010,13589658.00,21853783.00,8264125.00,0.62,-0.02,40.00,682062.00,491767.00,190295.00,0.72
Kentucky,2010,20103022.00,37006999.00,16903977.00,0.54,-0.04,47.00,1023900.00,594267.00,429633.00,0.58
Louisiana,2010,23122629.00,41356966.00,18234337.00,0.56,-0.04,45.00,1599612.00,1348927.00,250685.00,0.84
Maine,2010,10415100.00,14799200.00,4384100.00,0.70,-0.02,31.00,330300.00,341526.00,-11226.00,1.03
Maryland,2010,34842501.00,54498265.00,19655764.00,0.64,-0.01,39.00,1544873.00,1344944.00,199929.00,0.87
Massachusetts,2010,45630507.00,63937435.00,18306928.00,0.71,0.04,28.00,1869172.00,1209305.00,659867.00,0.65
Michigan,2010,55721437.00,77847965.00,22126528.00,0.72,-0.07,27.00,1646859.00,1455893.00,190965.00,0.88
Minnesota,2010,46183725.00,57604243.00,11420518.00,0.80,0.03,16.00,1325843.00,862521.00,463322.00,0.65
Mississippi,2010,20613743.00,32201243.00,11587500.00,0.64,-0.03,38.00,762327.00,766014.00,-3687.00,1.01
Missouri,2010,44055363.00,57205874.00,13150511.00,0.77,-0.02,19.00,1204069.00,1136153.00,67916.00,0.94
Montana,2010,7722161.00,11029954.00,3307793.00,0.70,-0.04,33.00,243754.00,196679.00,47076.00,0.81
Nebraska,2010,8355790.00,9969089.00,1613299.00,0.84,-0.04,11.00,202150.00,202150.00,0.00,1.00
Nevada,2010,24776915.00,35163755.00,10386840.00,0.71,-0.02,30.00,1394102.00,1286491.00,107611.00,0.92
New Hampshire,2010,5277853.00,9013758.00,3735905.00,0.59,0.00,43.00,271582.00,271585.00,-3.00,1.00
New Jersey,2010,86928471.00,123234638.00,36306167.00,0.71,0.05,29.00,4506227.00,1434256.00,3071972.00,0.32
New Mexico,2010,21848780.00,30184912.00,8336132.00,0.72,-0.04,24.00,692779.00,610981.00,81798.00,0.88
New York,2010,147712000.00,156572000.00,8860000.00,0.94,-0.07,5.00,2344222.00,2344222.00,0.00,1.00
North Carolina,2010,76599104.00,79558260.00,2959156.00,0.96,0.00,2.00,771800.00,773106.00,-1307.00,1.00
North Dakota,2010,3586500.00,4977500.00,1391000.00,0.72,-0.09,25.00,107524.00,71359.00,36165.00,0.66
Ohio,2010,117177230.00,175368439.00,58191209.00,0.67,0.00,34.00,3770640.00,2509641.00,1261000.00,0.67
Oklahoma,2010,20317291.00,36368239.00,16050948.00,0.56,-0.02,46.00,1514350.00,1053475.00,460876.00,0.70
Oregon,2010,51583500.00,59329500.00,7746000.00,0.87,0.01,8.00,472400.00,472400.00,N/A,1.00
Pennsylvania,2010,88750793.00,118185022.00,29434229.00,0.75,-0.06,20.00,2795100.00,799737.00,1995363.00,0.29
Rhode Island,2010,6509044.00,13382099.00,6873055.00,0.49,-0.10,49.00,306428.00,306428.00,0.00,1.00
South Carolina,2010,29219072.00,43963133.00,14744061.00,0.67,-0.02,35.00,956643.00,956750.00,-107.00,1.00
South Dakota,2010,7210556.00,7502301.00,291745.00,0.96,0.04,3.00,98876.00,96914.00,1962.00,0.98
Tennessee,2010,31639654.00,35198741.00,3559087.00,0.90,0.00,7.00,836727.00,836727.00,0.00,1.00
Texas,2010,136052621.00,163417834.00,27365213.00,0.83,-0.01,12.00,3363531.00,2760942.00,602589.00,0.82
Utah,2010,21131650.00,25711658.00,4580008.00,0.82,-0.04,13.00,695221.00,695221.00,0.00,1.00
Vermont,2010,3051925.00,4090537.00,1038612.00,0.75,0.02,23.00,89514.00,83983.00,5531.00,0.94
Virginia,2010,54660000.00,75889000.00,21229000.00,0.72,-0.08,26.00,1594447.00,1063117.00,531330.00,0.67
Washington,2010,58614128.00,61747228.00,3133100.00,0.95,0.03,4.00,1877200.00,988500.00,888700.00,0.53
West Virginia,2010,8678142.00,14986050.00,6307908.00,0.58,0.02,44.00,664635.00,604287.00,60348.00,0.91
Wisconsin,2010,80626900.00,80758800.00,131900.00,1.00,0.00,1.00,686700.00,741636.00,-54936.00,1.08
Wyoming,2010,6649755.00,7740611.00,1090856.00,0.86,-0.03,9.00,152973.00,125721.00,27252.00,0.82
US Total,2010,2308084443.00,3065074141.00,756989698.00,0.75,-0.02,N/A,73681596.00,57593717.00,16087879.00,0.78
Alabama,2009,30763098.00,41634554.00,10871456.00,0.74,-0.03,28.00,1214983.00,1214983.00,0.00,1.00
Alaska,2009,9361309.00,15354758.00,5993450.00,0.61,-0.15,43.00,269222.00,333045.00,-63823.00,1.24
Arizona,2009,34209571.00,44078394.00,9868823.00,0.78,-0.02,22.00,1127256.00,1127256.00,0.00,1.00
Arkansas,2009,17607157.00,22724578.00,5117420.00,0.78,-0.10,23.00,536535.00,553203.00,-16668.00,1.03
California,2009,395898000.00,490585000.00,94687000.00,0.81,-0.06,18.00,12421673.00,10137985.00,2283688.00,0.82
Colorado,2009,37598988.00,54536549.00,16937561.00,0.69,-0.01,32.00,1161478.00,857811.00,303667.00,0.74
Connecticut,2009,25452900.00,41311400.00,15858500.00,0.62,0.00,42.00,1307200.00,1252934.00,54266.00,0.96
Delaware,2009,7185650.00,7615166.00,429516.00,0.94,-0.04,4.00,148940.00,143793.00,5147.00,0.97
Florida,2009,119039831.00,141485280.00,22445449.00,0.84,-0.17,14.00,2931110.00,3154718.00,-223608.00,1.08
Georgia,2009,68176168.00,76478388.00,8302220.00,0.89,-0.02,8.00,1316945.00,1316663.00,282.00,1.00
Hawaii,2009,11400100.00,17636400.00,6236300.00,0.65,-0.04,40.00,526538.00,578635.00,-52097.00,1.10
Idaho,2009,8979339.00,12132845.00,3153506.00,0.74,-0.19,27.00,236177.00,299806.00,-63629.00,1.27
Illinois,2009,63996419.00,126435510.00,62439091.00,0.51,-0.04,50.00,4076467.00,2896284.00,1180183.00,0.71
Indiana,2009,24561132.00,36924846.00,12363714.00,0.67,-0.06,37.00,1293765.00,1340615.00,-46850.00,1.04
Iowa,2009,21517286.00,26602516.00,5085230.00,0.81,-0.08,16.00,495196.00,430959.00,64237.00,0.87
Kansas,2009,13461221.00,21138206.00,7676985.00,0.64,0.05,41.00,660834.00,449367.00,211467.00,0.68
Kentucky,2009,20767783.00,35686737.00,14918954.00,0.58,-0.06,47.00,931325.00,542310.00,389015.00,0.58
Louisiana,2009,23806649.00,39657925.00,15851276.00,0.60,-0.10,44.00,1361058.00,1323638.00,37420.00,0.97
Maine,2009,10466900.00,14410000.00,3943100.00,0.73,-0.07,30.00,331700.00,331700.00,0.00,1.00
Maryland,2009,34420515.00,53054565.00,18634050.00,0.65,-0.14,39.00,1338342.00,1130644.00,207698.00,0.85
Massachusetts,2009,41589706.00,61273676.00,19683970.00,0.68,0.05,34.00,1593511.00,1039496.00,554015.00,0.65
Michigan,2009,57509500.00,72911870.00,15402370.00,0.79,-0.05,21.00,1381577.00,1383286.00,-1709.00,1.00
Minnesota,2009,46879567.00,60835351.00,13955784.00,0.77,-0.04,24.00,1128965.00,831438.00,297527.00,0.74
Mississippi,2009,21094468.00,31386747.00,10292279.00,0.67,-0.06,35.00,741066.00,743192.00,-2126.00,1.00
Missouri,2009,43855297.00,55228504.00,11373207.00,0.79,-0.04,20.00,1225512.00,1108463.00,117049.00,0.90
Montana,2009,7631780.00,10271027.00,2639247.00,0.74,-0.09,26.00,196002.00,180394.00,15608.00,0.92
Nebraska,2009,8260397.00,9427370.00,1166973.00,0.88,-0.04,10.00,180401.00,180401.00,0.00,1.00
Nevada,2009,24015893.00,33148347.00,9132454.00,0.72,-0.04,31.00,1344489.00,1217293.00,127196.00,0.91
New Hampshire,2009,4987920.00,8529993.00,3542073.00,0.59,-0.17,46.00,262984.00,197677.00,65308.00,0.75
New Jersey,2009,89119531.00,134928225.00,45808694.00,0.66,-0.07,38.00,4053524.00,1448873.00,2604652.00,0.36
New Mexico,2009,22094319.00,29004202.00,6909883.00,0.76,-0.07,25.00,683886.00,641875.00,42011.00,0.94
New York,2009,148861000.00,146733000.00,-2128000.00,1.02,-0.06,1.00,2456223.00,2456223.00,0.00,1.00
North Carolina,2009,74447112.00,76976542.00,2529430.00,0.97,-0.03,3.00,762442.00,762570.00,-128.00,1.00
North Dakota,2009,3642100.00,4475800.00,833700.00,0.81,-0.06,15.00,83339.00,66431.00,16908.00,0.80
Ohio,2009,113152216.00,168936039.00,55783823.00,0.67,-0.10,36.00,2565198.00,2400431.00,164767.00,0.94
Oklahoma,2009,19982363.00,34815191.00,14832828.00,0.57,-0.03,48.00,1346098.00,1039769.00,306329.00,0.77
Oregon,2009,48729200.00,56810600.00,8081400.00,0.86,0.06,11.00,630800.00,630800.00,N/A,1.00
Pennsylvania,2009,89986600.00,111317700.00,21331100.00,0.81,-0.06,17.00,2405156.00,754977.00,1650179.00,0.31
Rhode Island,2009,6752084.00,11500425.00,4748342.00,0.59,-0.03,45.00,320173.00,320173.00,0.00,1.00
South Carolina,2009,28871570.00,42050701.00,13179131.00,0.69,-0.01,33.00,966538.00,966610.00,-72.00,1.00
South Dakota,2009,6874347.00,7494895.00,620547.00,0.92,-0.06,6.00,95280.00,94245.00,1035.00,0.99
Tennessee,2009,31639654.00,35198741.00,3559087.00,0.90,-0.05,7.00,836911.00,836911.00,0.00,1.00
Texas,2009,130983262.00,155679204.00,24695942.00,0.84,-0.07,13.00,2611397.00,2585237.00,26160.00,0.99
Utah,2009,20818430.00,24274639.00,3456209.00,0.86,-0.01,12.00,665235.00,665235.00,0.00,1.00
Vermont,2009,2923124.00,4012955.00,1089831.00,0.73,-0.15,29.00,66075.00,62484.00,3591.00,0.95
Virginia,2009,55123000.00,69135000.00,14012000.00,0.80,-0.04,19.00,1608466.00,1311683.00,296783.00,0.82
Washington,2009,57162081.00,61985696.00,4823615.00,0.92,-0.08,5.00,1787100.00,1334300.00,452800.00,0.75
West Virginia,2009,7977030.00,14266419.00,6289389.00,0.56,-0.08,49.00,541482.00,522426.00,19056.00,0.97
Wisconsin,2009,78911300.00,79104600.00,193300.00,1.00,0.00,2.00,645600.00,697248.00,-51648.00,1.08
Wyoming,2009,6571160.00,7401614.00,830454.00,0.89,0.09,9.00,169712.00,107662.00,62049.00,0.63
US Total,2009,2279116027.00,2938598690.00,659482663.00,0.78,-0.06,N/A,67041885.00,56004152.00,11037733.00,0.84
Alabama,2008,30977314.00,40206232.00,9228918.00,0.77,-0.02,32.00,1069214.00,1069214.00,0.00,1.00
Alaska,2008,11032111.00,14567631.00,3535520.00,0.76,0.02,34.00,282242.00,300121.00,-17878.00,1.06
Arizona,2008,33263207.00,41608945.00,8345738.00,0.80,0.00,27.00,1023336.00,1023336.00,0.00,1.00
Arkansas,2008,18811399.00,21576344.00,2764945.00,0.87,0.00,15.00,556625.00,558433.00,-1808.00,1.00
California,2008,394718294.00,455156785.00,60438491.00,0.87,-0.01,18.00,12344808.00,10432440.00,1912367.00,0.85
Colorado,2008,38811963.00,55625011.00,16813048.00,0.70,-0.05,40.00,1141081.00,779644.00,361437.00,0.68
Connecticut,2008,25452900.00,41311400.00,15858500.00,0.62,0.05,46.00,1248860.00,3243647.00,-1994787.00,2.60
Delaware,2008,7157910.00,7278622.00,120712.00,0.98,0.00,6.00,146970.00,141714.00,5256.00,0.96
Florida,2008,130995686.00,129196897.00,-1798789.00,1.01,0.00,2.00,3004519.00,3128629.00,-124110.00,1.04
Georgia,2008,69512775.00,75897678.00,6384903.00,0.92,-0.03,10.00,1279379.00,1279379.00,0.00,1.00
Hawaii,2008,11380961.00,16549069.00,5168108.00,0.69,0.01,42.00,510727.00,488770.00,21957.00,0.96
Idaho,2008,10814536.00,11599119.00,784583.00,0.93,-0.12,9.00,258982.00,287296.00,-28314.00,1.11
Illinois,2008,64700501.00,119084440.00,54383939.00,0.54,-0.08,50.00,3729181.00,2156267.00,1572914.00,0.58
Indiana,2008,25814242.00,35640073.00,9825830.00,0.72,0.03,38.00,1232347.00,1265129.00,-32783.00,1.03
Iowa,2008,22252912.00,25080757.00,2827845.00,0.89,-0.01,13.00,453980.00,389574.00,64406.00,0.86
Kansas,2008,11827619.00,20106787.00,8279168.00,0.59,-0.12,49.00,607662.00,395588.00,212074.00,0.65
Kentucky,2008,21765573.00,34094002.00,12328429.00,0.64,-0.04,43.00,859305.00,569913.00,289392.00,0.66
Louisiana,2008,26692070.00,38350804.00,11658734.00,0.70,-0.01,41.00,1160051.00,1337933.00,-177882.00,1.15
Maine,2008,10892728.00,13674901.00,2782173.00,0.80,0.00,28.00,305361.00,305361.00,0.00,1.00
Maryland,2008,39635725.00,50561824.00,10926099.00,0.78,-0.02,30.00,1208497.00,1077796.00,130701.00,0.89
Massachusetts,2008,37057703.00,58817155.00,21759452.00,0.63,-0.16,45.00,1226526.00,1368788.00,-142262.00,1.12
Michigan,2008,58842700.00,70320300.00,11477600.00,0.84,-0.05,20.00,1249909.00,1392709.00,-142800.00,1.11
Minnesota,2008,47070127.00,57841634.00,10771507.00,0.81,-0.03,25.00,1036509.00,769512.00,266997.00,0.74
Mississippi,2008,21335241.00,29300018.00,7964777.00,0.73,-0.01,36.00,662693.00,644510.00,18183.00,0.97
Missouri,2008,43958721.00,53004863.00,9046142.00,0.83,0.00,23.00,1219871.00,1072027.00,147844.00,0.88
Montana,2008,8083250.00,9691633.00,1608383.00,0.83,0.00,22.00,216330.00,211896.00,4433.00,0.98
Nebraska,2008,8139579.00,8894328.00,754748.00,0.92,-0.01,11.00,169068.00,169068.00,0.00,1.00
Nevada,2008,23281693.00,30569047.00,7287354.00,0.76,-0.01,33.00,1262309.00,1171265.00,91044.00,0.93
New Hampshire,2008,5352635.00,7130967.00,1778332.00,0.75,0.08,35.00,251936.00,189306.00,62630.00,0.75
New Jersey,2008,91373430.00,125807485.00,34434055.00,0.73,-0.03,37.00,3719156.00,2135170.00,1583986.00,0.57
New Mexico,2008,22283751.00,26899138.00,4615387.00,0.83,0.01,24.00,666345.00,590683.00,75662.00,0.89
New York,2008,151683000.00,141255000.00,-10428000.00,1.07,0.02,1.00,2648450.00,2648450.00,0.00,1.00
North Carolina,2008,73124299.00,73627878.00,503579.00,0.99,-0.04,5.00,675704.00,675056.00,648.00,1.00
North Dakota,2008,3647100.00,4193600.00,546500.00,0.87,0.01,16.00,87157.00,66086.00,21071.00,0.76
Ohio,2008,125116274.00,161802900.00,36686627.00,0.77,-0.11,31.00,2263766.00,2262847.00,919.00,1.00
Oklahoma,2008,20355492.00,33527899.00,13172407.00,0.61,-0.01,48.00,1245646.00,986163.00,259482.00,0.79
Oregon,2008,43521000.00,54260000.00,10739000.00,0.80,-0.32,26.00,707400.00,707400.00,N/A,1.00
Pennsylvania,2008,91558157.00,105282637.00,13724480.00,0.87,-0.03,17.00,2436486.00,986670.00,1449816.00,0.41
Rhode Island,2008,6834921.00,11148487.00,4313567.00,0.61,0.05,47.00,342771.00,342771.00,0.00,1.00
South Carolina,2008,28265752.00,40318436.00,12052684.00,0.70,-0.01,39.00,902340.00,902365.00,-25.00,1.00
South Dakota,2008,6899770.00,7084866.00,185095.00,0.97,0.00,7.00,89766.00,89766.00,0.00,1.00
Tennessee,2008,31112969.00,32715771.00,1602802.00,0.95,0.00,8.00,838259.00,838259.00,0.00,1.00
Texas,2008,134813725.00,148594953.00,13781228.00,0.91,0.01,12.00,2459259.00,2459100.00,159.00,1.00
Utah,2008,19857146.00,22931261.00,3074115.00,0.87,-0.09,19.00,641690.00,641690.00,0.00,1.00
Vermont,2008,3331303.00,3792854.00,461551.00,0.88,-0.08,14.00,83579.00,80151.00,3428.00,0.96
Virginia,2008,54441000.00,65174000.00,10733000.00,0.84,0.02,21.00,1486768.00,1375894.00,110874.00,0.93
Washington,2008,54511600.00,54346500.00,-165100.00,1.00,0.01,3.00,1545600.00,967900.00,577700.00,0.63
West Virginia,2008,8673875.00,13642584.00,4968709.00,0.64,-0.04,44.00,480944.00,512762.00,-31818.00,1.07
Wisconsin,2008,77159400.00,77412000.00,252600.00,1.00,0.00,4.00,644800.00,644800.00,0.00,1.00
Wyoming,2008,5545411.00,6989823.00,1444412.00,0.79,-0.15,29.00,98533.00,102715.00,-4182.00,1.04
US Total,2008,2313741452.00,2783545339.00,469803887.00,0.83,-0.03,N/A,63782697.00,57235962.00,6546735.00,0.90
Alabama,2007,30687002.00,38657817.00,7970815.00,0.79,-0.03,32.00,827408.00,827408.00,0.00,1.00
Alaska,2007,10275065.00,13860147.00,3585082.00,0.74,0.00,37.00,444898.00,319644.00,125255.00,0.72
Arizona,2007,31159458.00,38901425.00,7741967.00,0.80,-0.03,29.00,848987.00,847263.00,1724.00,1.00
Arkansas,2007,17554603.00,20138317.00,2583715.00,0.87,0.05,22.00,527805.00,529524.00,-1719.00,1.00
California,2007,370806464.00,422969927.00,52163463.00,0.88,0.00,21.00,11110380.00,9366612.00,1743768.00,0.84
Colorado,2007,39415525.00,52459133.00,13043608.00,0.75,0.01,36.00,1121069.00,676586.00,444483.00,0.60
Connecticut,2007,19957700.00,35262100.00,15304400.00,0.57,0.00,49.00,1092300.00,1088140.00,4160.00,1.00
Delaware,2007,6797976.00,6893718.00,95742.00,0.99,0.02,8.00,140062.00,133192.00,6870.00,0.95
Florida,2007,125777512.00,123537571.00,-2239941.00,1.02,0.00,5.00,2818430.00,3052191.00,-233761.00,1.08
Georgia,2007,67059624.00,70921349.00,3861725.00,0.95,-0.02,13.00,1206779.00,1206779.00,0.00,1.00
Hawaii,2007,10589773.00,15696546.00,5106773.00,0.68,0.03,45.00,476754.00,454494.00,22260.00,0.95
Idaho,2007,11362142.00,10816497.00,-545645.00,1.05,0.10,3.00,242923.00,273464.00,-30541.00,1.13
Illinois,2007,70731230.00,112908645.00,42177415.00,0.63,0.02,47.00,3665597.00,1477392.00,2188205.00,0.40
Indiana,2007,24227934.00,34714499.00,10486565.00,0.70,0.02,42.00,1155715.00,1186692.00,-30977.00,1.03
Iowa,2007,21149616.00,23556799.00,2407183.00,0.90,0.02,17.00,431825.00,351366.00,80459.00,0.81
Kansas,2007,13433115.00,18984915.00,5551800.00,0.71,0.01,40.00,531292.00,339496.00,191796.00,0.64
Kentucky,2007,21772612.00,32125405.00,10352793.00,0.68,-0.02,44.00,696131.00,531505.00,164626.00,0.76
Louisiana,2007,25145001.00,35729367.00,10584366.00,0.70,0.03,41.00,1078856.00,1130806.00,-51949.00,1.05
Maine,2007,10437100.00,13089400.00,2652300.00,0.80,0.03,31.00,303076.00,302682.00,394.00,1.00
Maryland,2007,38007156.00,47458466.00,9451310.00,0.80,-0.02,30.00,1046844.00,851909.00,194935.00,0.81
Massachusetts,2007,44531642.00,56260710.00,11729068.00,0.79,0.03,33.00,1298747.00,1274110.00,24637.00,0.98
Michigan,2007,58406400.00,66172900.00,7766500.00,0.88,0.01,20.00,1272277.00,1014307.00,257970.00,0.80
Minnesota,2007,47419095.00,56321214.00,8902119.00,0.84,-0.03,24.00,864523.00,697495.00,167028.00,0.81
Mississippi,2007,20302344.00,27628507.00,7326163.00,0.74,0.00,38.00,647369.00,584772.00,62597.00,0.90
Missouri,2007,41307101.00,49659490.00,8352389.00,0.83,0.02,26.00,1194679.00,1001215.00,193464.00,0.84
Montana,2007,7644929.00,9136270.00,1491341.00,0.84,0.03,25.00,176622.00,198917.00,-22296.00,1.13
Nebraska,2007,7532341.00,8178246.00,645905.00,0.92,0.03,15.00,162168.00,162168.00,0.00,1.00
Nevada,2007,21403399.00,27739551.00,6336152.00,0.77,0.02,34.00,1096348.00,1050873.00,45475.00,0.96
New Hampshire,2007,4907236.00,7306867.00,2399631.00,0.67,0.06,46.00,179297.00,179297.00,0.00,1.00
New Jersey,2007,89624236.00,117982253.00,28358017.00,0.76,-0.02,35.00,3060897.00,1743818.00,1317079.00,0.57
New Mexico,2007,20805531.00,25329712.00,4524181.00,0.82,0.02,27.00,639542.00,532007.00,107535.00,0.83
New York,2007,142495000.00,134599000.00,-7896000.00,1.06,0.02,2.00,2718551.00,2718551.00,0.00,1.00
North Carolina,2007,72952274.00,70573970.00,-2378304.00,1.03,-0.01,4.00,587439.00,587146.00,293.00,1.00
North Dakota,2007,3377100.00,3941700.00,564600.00,0.86,0.04,23.00,89793.00,56139.00,33654.00,0.63
Ohio,2007,134523372.00,151726897.00,17203526.00,0.89,0.06,19.00,2632521.00,2369045.00,263476.00,0.90
Oklahoma,2007,18865271.00,30409362.00,11544091.00,0.62,0.03,48.00,1197540.00,936013.00,261527.00,0.78
Oregon,2007,59327800.00,52871200.00,-6456600.00,1.12,0.02,1.00,805700.00,596218.00,N/A,0.74
Pennsylvania,2007,87897000.00,98249800.00,10352800.00,0.90,0.05,18.00,2326074.00,901882.00,1424192.00,0.39
Rhode Island,2007,6307038.00,11175901.00,4868863.00,0.56,0.03,50.00,304649.00,304649.00,0.00,1.00
South Carolina,2007,26897530.00,37853541.00,10956011.00,0.71,0.00,39.00,763189.00,764115.00,-926.00,1.00
South Dakota,2007,6645493.00,6818687.00,173194.00,0.98,0.01,9.00,91362.00,91362.00,0.00,1.00
Tennessee,2007,31112969.00,32715771.00,1602802.00,0.95,-0.04,11.00,794428.00,794428.00,0.00,1.00
Texas,2007,127360001.00,141305372.00,13945371.00,0.90,0.02,16.00,2465779.00,2120212.00,345566.00,0.86
Utah,2007,20269043.00,21320649.00,1051606.00,0.95,-0.01,12.00,597184.00,597184.00,0.00,1.00
Vermont,2007,3186321.00,3334146.00,147825.00,0.96,0.04,10.00,87576.00,86251.00,1326.00,0.99
Virginia,2007,49516000.00,60530000.00,11014000.00,0.82,0.02,28.00,1397755.00,1201460.00,196295.00,0.86
Washington,2007,50943000.00,51344900.00,401900.00,0.99,0.00,7.00,1365300.00,692800.00,672500.00,0.51
West Virginia,2007,9084665.00,13358826.00,4274161.00,0.68,0.02,43.00,460057.00,1622808.00,-1162751.00,3.53
Wisconsin,2007,79791900.00,80079700.00,287800.00,1.00,0.00,6.00,614000.00,614000.00,0.00,1.00
Wyoming,2007,6470245.00,6846718.00,376473.00,0.95,0.00,14.00,86200.00,89792.00,-3591.00,1.04
US Total,2007,2267252882.00,2629453903.00,362201020.00,0.86,0.01,N/A,59744697.00,50530177.00,9005038.00,0.85
Alabama,2006,29369328.00,35704256.00,6334928.00,0.82,-0.02,25.00,684861.00,684861.00,0.00,1.00
Alaska,2006,9720898.00,13106922.00,3386024.00,0.74,0.10,36.00,424916.00,260916.00,164000.00,0.61
Arizona,2006,30038480.00,36059623.00,6021143.00,0.83,-0.03,22.00,639847.00,639847.00,0.00,1.00
Arkansas,2006,15715131.00,19139223.00,3424092.00,0.82,0.01,26.00,465537.00,502412.00,-36875.00,1.08
California,2006,334506491.00,382906253.00,48399762.00,0.87,0.01,19.00,10232721.00,8789162.00,1443559.00,0.86
Colorado,2006,36687042.00,49490604.00,12803562.00,0.74,0.01,37.00,978924.00,609853.00,369071.00,0.62
Connecticut,2006,19311400.00,34190000.00,14878600.00,0.57,-0.03,49.00,1031049.00,1031049.00,0.00,1.00
Delaware,2006,6310990.00,6534992.00,224002.00,0.97,0.00,9.00,131303.00,126774.00,4529.00,0.97
Florida,2006,117352423.00,115644889.00,-1707534.00,1.02,-0.06,4.00,2193928.00,2106171.00,87757.00,0.96
Georgia,2006,63802272.00,66265047.00,2462775.00,0.96,-0.02,10.00,1120316.00,1120316.00,0.00,1.00
Hawaii,2006,9529371.00,14661399.00,5132028.00,0.65,-0.04,45.00,423446.00,423446.00,0.00,1.00
Idaho,2006,9543936.00,10075829.00,531893.00,0.95,0.01,13.00,246884.00,264625.00,-17741.00,1.07
Illinois,2006,62341331.00,103073463.00,40732132.00,0.61,0.00,47.00,3085601.00,1025341.00,2060260.00,0.33
Indiana,2006,21802625.00,31995969.00,10193344.00,0.68,0.01,42.00,1056485.00,1064404.00,-7919.00,1.01
Iowa,2006,19497960.00,22133637.00,2635678.00,0.88,0.00,17.00,404072.00,332534.00,71538.00,0.82
Kansas,2006,12189197.00,17552790.00,5363593.00,0.69,0.01,41.00,471424.00,298883.00,172541.00,0.63
Kentucky,2006,21355671.00,30659476.00,9303806.00,0.70,-0.07,40.00,564361.00,483740.00,80620.00,0.86
Louisiana,2006,22379594.00,33358313.00,10978719.00,0.67,0.03,43.00,1066312.00,1047607.00,18705.00,0.98
Maine,2006,9530599.00,12357418.00,2826820.00,0.77,0.01,33.00,294888.00,312017.00,-17129.00,1.06
Maryland,2006,35903594.00,43537681.00,7634087.00,0.83,-0.05,24.00,894514.00,737180.00,157334.00,0.82
Massachusetts,2006,40321052.00,53228856.00,12907804.00,0.76,0.04,34.00,1320178.00,1242751.00,77427.00,0.94
Michigan,2006,55531000.00,63763200.00,8232200.00,0.87,0.08,20.00,1568775.00,1296345.00,272430.00,0.83
Minnesota,2006,46516210.00,53206489.00,6690279.00,0.87,-0.03,18.00,739064.00,625271.00,113794.00,0.85
Mississippi,2006,18811873.00,25676515.00,6864642.00,0.73,0.01,38.00,539027.00,539258.00,-231.00,1.00
Missouri,2006,37754862.00,46257388.00,8502526.00,0.82,0.00,27.00,1112524.00,916034.00,196490.00,0.82
Montana,2006,6908951.00,8584710.00,1675759.00,0.81,0.03,30.00,168655.00,239817.00,-71162.00,1.42
Nebraska,2006,6580177.00,7421452.00,841275.00,0.89,0.01,15.00,163261.00,163261.00,0.00,1.00
Nevada,2006,19312413.00,25794651.00,6482238.00,0.75,-0.01,35.00,1058784.00,969789.00,88995.00,0.92
New Hampshire,2006,3973250.00,6450028.00,2476778.00,0.62,0.01,46.00,171752.00,171752.00,0.00,1.00
New Jersey,2006,85640375.00,110447682.00,24807308.00,0.78,-0.04,32.00,2194768.00,598129.00,1596638.00,0.27
New Mexico,2006,18824997.00,23389484.00,4564487.00,0.81,-0.01,29.00,541441.00,481874.00,59567.00,0.89
New York,2006,132036000.00,126638000.00,-5398000.00,1.04,0.01,2.00,2782147.00,2782147.00,0.00,1.00
North Carolina,2006,68628403.00,65862247.00,-2766156.00,1.04,-0.01,3.00,516570.00,516689.00,-119.00,1.00
North Dakota,2006,2991900.00,3673500.00,681600.00,0.81,-0.01,28.00,81586.00,54089.00,27498.00,0.66
Ohio,2006,119957493.00,144339761.00,24382268.00,0.83,0.04,23.00,2547853.00,2377438.00,170415.00,0.93
Oklahoma,2006,17085014.00,28688754.00,11603740.00,0.60,-0.01,48.00,1085979.00,788250.00,297729.00,0.73
Oregon,2006,56616500.00,51252900.00,-5363600.00,1.11,0.06,1.00,938600.00,523739.00,N/A,0.56
Pennsylvania,2006,80613700.00,94992300.00,14378600.00,0.85,-0.02,21.00,1877118.00,652285.00,1224833.00,0.35
Rhode Island,2006,5711254.00,10645571.00,4934318.00,0.54,-0.02,50.00,235053.00,235053.00,0.00,1.00
South Carolina,2006,25414245.00,35814673.00,10400428.00,0.71,-0.02,39.00,689400.00,690373.00,-973.00,1.00
South Dakota,2006,5780395.00,5958926.00,178531.00,0.97,0.00,8.00,80829.00,80829.00,0.00,1.00
Tennessee,2006,27751013.00,28117127.00,366114.00,0.99,0.00,7.00,665879.00,665879.00,0.00,1.00
Texas,2006,116947334.00,132087713.00,15140379.00,0.89,0.00,16.00,2313192.00,1955873.00,357318.00,0.85
Utah,2006,18093491.00,18881142.00,787651.00,0.96,0.03,11.00,533860.00,533860.00,0.00,1.00
Vermont,2006,2939063.00,3195421.00,256358.00,0.92,-0.03,14.00,102682.00,70080.00,32602.00,0.68
Virginia,2006,44166000.00,55072000.00,10906000.00,0.80,-0.01,31.00,988662.00,857660.00,131002.00,0.87
Washington,2006,47914514.00,48124000.00,209486.00,1.00,0.01,6.00,1421200.00,396100.00,1025100.00,0.28
West Virginia,2006,7935652.00,12039611.00,4103959.00,0.66,0.14,44.00,488223.00,879900.00,-391677.00,1.80
Wisconsin,2006,73415300.00,73735800.00,320500.00,1.00,0.00,5.00,561000.00,561000.00,0.00,1.00
Wyoming,2006,5899371.00,6215540.00,316168.00,0.95,0.00,12.00,77585.00,109551.00,-31966.00,1.41
US Total,2006,2086960134.00,2448003225.00,361043091.00,0.85,0.00,N/A,53977034.00,43836213.00,9725960.00,0.81
Alabama,2005,28439656.00,33961978.00,5522322.00,0.84,-0.06,23.00,552651.00,552651.00,0.00,1.00
Alaska,2005,7366047.00,11511030.00,4144984.00,0.64,-0.03,44.00,390466.00,183237.00,207229.00,0.47
Arizona,2005,28912548.00,33595867.00,4683319.00,0.86,-0.07,22.00,445517.00,445517.00,0.00,1.00
Arkansas,2005,14792832.00,18115994.00,3323162.00,0.82,-0.05,25.00,410809.00,450532.00,-39724.00,1.10
California,2005,308809768.00,355483412.00,46673644.00,0.87,0.01,20.00,9786581.00,8620097.00,1166484.00,0.88
Colorado,2005,34273195.00,46752295.00,12479100.00,0.73,0.03,36.00,1116007.00,550548.00,565459.00,0.49
Connecticut,2005,18524700.00,31293000.00,12768300.00,0.59,-0.01,48.00,809866.00,716139.00,93727.00,0.88
Delaware,2005,5932499.00,6151059.00,218560.00,0.96,-0.01,10.00,109825.00,101900.00,7925.00,0.93
Florida,2005,111539878.00,103925498.00,-7614380.00,1.07,-0.05,1.00,2141862.00,2184699.00,-42837.00,1.02
Georgia,2005,61020696.00,62246071.00,1225375.00,0.98,-0.02,8.00,1062085.00,1062085.00,0.00,1.00
Hawaii,2005,8914839.00,12985989.00,4071150.00,0.69,-0.03,41.00,328717.00,328717.00,0.00,1.00
Idaho,2005,8551336.00,9149348.00,598012.00,0.94,0.03,13.00,246025.00,249773.00,-3748.00,1.02
Illinois,2005,58577938.00,97178993.00,38601055.00,0.60,-0.01,47.00,3084492.00,1737157.00,1347335.00,0.56
Indiana,2005,20046558.00,29941535.00,9894977.00,0.67,-0.02,42.00,944067.00,819219.00,124848.00,0.87
Iowa,2005,18284924.00,20688688.00,2403764.00,0.88,0.00,16.00,379152.00,318325.00,60828.00,0.84
Kansas,2005,11339293.00,16491762.00,5152469.00,0.69,-0.01,40.00,381791.00,261909.00,119882.00,0.69
Kentucky,2005,21260991.00,27915133.00,6654143.00,0.76,-0.07,33.00,484592.00,448555.00,36037.00,0.93
Louisiana,2005,20501871.00,31952737.00,11450866.00,0.64,0.02,43.00,1046744.00,1052142.00,-5398.00,1.01
Maine,2005,8888156.00,11689732.00,2801576.00,0.76,0.01,34.00,269286.00,282292.00,-13007.00,1.05
Maryland,2005,34618569.00,39389209.00,4770640.00,0.88,-0.04,18.00,825259.00,684965.00,140294.00,0.83
Massachusetts,2005,36365338.00,50335642.00,13970304.00,0.72,-0.01,38.00,1176268.00,1183296.00,-7028.00,1.01
Michigan,2005,49633900.00,62345400.00,12711500.00,0.80,-0.05,30.00,1366865.00,1060153.00,306712.00,0.78
Minnesota,2005,43886691.00,48824764.00,4938073.00,0.90,-0.03,15.00,636180.00,564712.00,71468.00,0.89
Mississippi,2005,17661960.00,24463000.00,6801040.00,0.72,-0.03,39.00,506513.00,506372.00,141.00,1.00
Missouri,2005,35083540.00,43065066.00,7981526.00,0.82,0.00,27.00,1034969.00,810204.00,224766.00,0.78
Montana,2005,6316332.00,8124765.00,1808433.00,0.78,-0.02,32.00,145241.00,131942.00,13299.00,0.91
Nebraska,2005,6092145.00,6954867.00,862722.00,0.88,-0.01,19.00,146900.00,133772.00,13128.00,0.91
Nevada,2005,17910312.00,23658922.00,5748610.00,0.76,-0.03,35.00,932074.00,932261.00,-187.00,1.00
New Hampshire,2005,3655780.00,6038179.00,2382399.00,0.61,-0.11,45.00,133847.00,133847.00,0.00,1.00
New Jersey,2005,83609275.00,102527427.00,18918152.00,0.82,-0.06,26.00,1692580.00,252844.00,1439736.00,0.15
New Mexico,2005,17601741.00,21655482.00,4053741.00,0.81,-0.03,28.00,467889.00,436945.00,30944.00,0.93
New York,2005,123745000.00,120026000.00,-3719000.00,1.03,0.02,4.00,2964842.00,2964842.00,0.00,1.00
North Carolina,2005,64838627.00,61860845.00,-2977782.00,1.05,-0.01,2.00,468742.00,471901.00,-3159.00,1.01
North Dakota,2005,2815800.00,3436000.00,620200.00,0.82,-0.05,24.00,77363.00,51942.00,25421.00,0.67
Ohio,2005,108829922.00,137088856.00,28258934.00,0.79,-0.01,31.00,2422402.00,2371140.00,51262.00,0.98
Oklahoma,2005,16206162.00,26784351.00,10578189.00,0.61,0.00,46.00,1198270.00,700894.00,497376.00,0.59
Oregon,2005,51382600.00,49294000.00,-2088600.00,1.04,0.08,3.00,488500.00,492408.00,N/A,1.01
Pennsylvania,2005,77916100.00,89981400.00,12065300.00,0.87,-0.06,21.00,1264297.00,578719.00,685578.00,0.46
Rhode Island,2005,5493336.00,9822436.00,4329099.00,0.56,-0.04,49.00,192600.00,192600.00,0.00,1.00
South Carolina,2005,24577471.00,33712394.00,9134923.00,0.73,-0.08,37.00,641456.00,640483.00,973.00,1.00
South Dakota,2005,5484349.00,5665377.00,181028.00,0.97,-0.01,9.00,78265.00,78265.00,0.00,1.00
Tennessee,2005,27751013.00,28117127.00,366114.00,0.99,0.00,6.00,629250.00,629250.00,0.00,1.00
Texas,2005,111035468.00,125703182.00,14667714.00,0.88,-0.04,17.00,2154619.00,1785828.00,368790.00,0.83
Utah,2005,16415381.00,17610596.00,1195215.00,0.93,0.01,14.00,490476.00,490476.00,0.00,1.00
Vermont,2005,2761990.00,2915086.00,153096.00,0.95,0.01,12.00,91093.00,68298.00,22795.00,0.75
Virginia,2005,41749000.00,51683000.00,9934000.00,0.81,-0.09,29.00,929681.00,771650.00,158031.00,0.83
Washington,2005,45455200.00,46104500.00,649300.00,0.99,-0.07,7.00,1082200.00,215800.00,866400.00,0.20
West Virginia,2005,6040559.00,11554264.00,5513705.00,0.52,0.08,50.00,487636.00,733141.00,-245505.00,1.50
Wisconsin,2005,68615100.00,68987500.00,372400.00,1.00,0.00,5.00,531800.00,531800.00,0.00,1.00
Wyoming,2005,5498999.00,5785092.00,286093.00,0.95,0.09,11.00,121089.00,77180.00,43909.00,0.64
US Total,2005,1955025386.00,2294544851.00,339519465.00,0.85,-0.02,N/A,49369702.00,41043426.00,8330184.00,0.83
Alabama,2004,27519798.00,30725723.00,3205925.00,0.90,-0.03,19.00,492181.00,492181.00,0.00,1.00
Alaska,2004,7423361.00,11017241.00,3593881.00,0.67,-0.02,44.00,142747.00,131665.00,11082.00,0.92
Arizona,2004,28610310.00,30798029.00,2187719.00,0.93,-0.07,12.00,397801.00,397801.00,0.00,1.00
Arkansas,2004,14243095.00,16488595.00,2245500.00,0.86,-0.03,26.00,364772.00,370133.00,-5362.00,1.02
California,2004,286371128.00,331494229.00,45123101.00,0.86,0.00,25.00,8016315.00,6883022.00,1133294.00,0.86
Colorado,2004,30755462.00,43570473.00,12815011.00,0.71,-0.05,41.00,999127.00,518561.00,480566.00,0.52
Connecticut,2004,18235900.00,30418900.00,12183000.00,0.60,-0.06,48.00,756144.00,667223.00,88922.00,0.88
Delaware,2004,5629316.00,5762310.00,132994.00,0.98,-0.03,9.00,94106.00,85837.00,8269.00,0.91
Florida,2004,106707426.00,95185433.00,-11521993.00,1.12,-0.02,1.00,2044540.00,1880977.00,163563.00,0.92
Georgia,2004,58438615.00,58234430.00,-204185.00,1.00,-0.01,5.00,1030697.00,1030697.00,0.00,1.00
Hawaii,2004,8797133.00,12271331.00,3474198.00,0.72,-0.04,39.00,235686.00,235686.00,0.00,1.00
Idaho,2004,7745106.00,8516853.00,771747.00,0.91,0.08,18.00,231086.00,226157.00,4929.00,0.98
Illinois,2004,54739004.00,89832401.00,35093398.00,0.61,0.13,46.00,3056353.00,3381968.00,-325615.00,1.11
Indiana,2004,18961237.00,27584086.00,8622849.00,0.69,0.00,43.00,920248.00,791128.00,129119.00,0.86
Iowa,2004,17274127.00,19566334.00,2292207.00,0.88,-0.01,22.00,342609.00,306466.00,36143.00,0.90
Kansas,2004,10971427.00,15714092.00,4742665.00,0.70,-0.05,42.00,338880.00,235183.00,103697.00,0.69
Kentucky,2004,21348110.00,25776631.00,4428520.00,0.83,-0.06,30.00,425652.00,399814.00,25838.00,0.94
Louisiana,2004,19177223.00,30603130.00,11425907.00,0.63,-0.06,45.00,974049.00,903637.00,70412.00,0.93
Maine,2004,8273560.00,11068597.00,2795037.00,0.75,0.00,36.00,259148.00,290572.00,-31424.00,1.12
Maryland,2004,33575129.00,36573883.00,2998754.00,0.92,-0.01,17.00,729819.00,649539.00,80280.00,0.89
Massachusetts,2004,34934000.00,47764000.00,12830000.00,0.73,-0.02,38.00,1035185.00,651594.00,383591.00,0.63
Michigan,2004,50499500.00,60006400.00,9506900.00,0.84,-0.03,28.00,1271035.00,829013.00,442022.00,0.65
Minnesota,2004,42971912.00,46481491.00,3509579.00,0.92,-0.03,15.00,575307.00,542818.00,32489.00,0.94
Mississippi,2004,17605280.00,23569820.00,5964540.00,0.75,-0.04,37.00,451693.00,452291.00,-598.00,1.00
Missouri,2004,32902865.00,40594576.00,7691712.00,0.81,-0.01,31.00,858290.00,730314.00,127977.00,0.85
Montana,2004,6135084.00,7698594.00,1563510.00,0.80,-0.11,34.00,137561.00,128796.00,8765.00,0.94
Nebraska,2004,5808687.00,6532314.00,723626.00,0.89,-0.03,21.00,124661.00,124540.00,121.00,1.00
Nevada,2004,16849193.00,21429779.00,4580586.00,0.79,-0.03,35.00,867487.00,859242.00,8245.00,0.99
New Hampshire,2004,3618441.00,5073547.00,1455106.00,0.71,-0.04,40.00,123360.00,123360.00,0.00,1.00
New Jersey,2004,82751586.00,94864592.00,12113006.00,0.87,-0.06,23.00,1227542.00,100377.00,1127165.00,0.08
New Mexico,2004,16852960.00,20036440.00,3183480.00,0.84,-0.05,29.00,416068.00,416435.00,-367.00,1.00
New York,2004,117386000.00,116203000.00,-1183000.00,1.01,0.02,4.00,1286455.00,1286455.00,0.00,1.00
North Carolina,2004,61490870.00,58028466.00,-3462404.00,1.06,0.00,2.00,245073.00,248099.00,-3026.00,1.01
North Dakota,2004,2749600.00,3179700.00,430100.00,0.87,-0.04,24.00,61831.00,50247.00,11584.00,0.81
Ohio,2004,103274858.00,128205464.00,24930606.00,0.81,0.01,33.00,2357188.00,2293669.00,63519.00,0.97
Oklahoma,2004,15809811.00,26079018.00,10269207.00,0.61,-0.06,47.00,956417.00,570766.00,385651.00,0.60
Oregon,2004,45581100.00,47398600.00,1817500.00,0.96,-0.01,10.00,364800.00,363706.00,N/A,1.00
Pennsylvania,2004,78849600.00,84977100.00,6127500.00,0.93,-0.07,13.00,426320.00,426320.00,0.00,1.00
Rhode Island,2004,5584220.00,9383520.00,3799300.00,0.60,-0.04,49.00,175458.00,175458.00,0.00,1.00
South Carolina,2004,23650164.00,29263101.00,5612937.00,0.81,-0.03,32.00,615597.00,614724.00,873.00,1.00
South Dakota,2004,5037261.00,5143989.00,106728.00,0.98,0.01,8.00,74854.00,74854.00,0.00,1.00
Tennessee,2004,25704500.00,26075500.00,371000.00,0.99,0.00,7.00,411106.00,411106.00,0.00,1.00
Texas,2004,109683440.00,118388378.00,8704938.00,0.93,-0.02,14.00,2109272.00,1742408.00,366863.00,0.83
Utah,2004,15393467.00,16667893.00,1274426.00,0.92,-0.02,16.00,446182.00,446182.00,0.00,1.00
Vermont,2004,2599082.00,2757388.00,158306.00,0.94,0.01,11.00,77299.00,51618.00,25681.00,0.67
Virginia,2004,40995000.00,45907000.00,4912000.00,0.89,-0.06,20.00,583480.00,496183.00,87297.00,0.85
Washington,2004,44256400.00,42078700.00,-2177700.00,1.05,-0.02,3.00,914700.00,205500.00,709200.00,0.23
West Virginia,2004,4924536.00,11057908.00,6133372.00,0.45,0.04,50.00,482035.00,475041.00,6994.00,0.99
Wisconsin,2004,66209400.00,66622300.00,412900.00,0.99,0.00,6.00,497800.00,497800.00,0.00,1.00
Wyoming,2004,5317172.00,6174579.00,857407.00,0.86,-0.06,27.00,104502.00,74509.00,29993.00,0.71
US Total,2004,1870222456.00,2148845859.00,278623402.00,0.87,-0.01,N/A,41130517.00,35341672.00,5787751.00,0.86
Alabama,2003,26669981.00,28767137.00,2097156.00,0.93,-0.04,20.00,398641.00,398641.00,0.00,1.00
Alaska,2003,7371277.00,10606027.00,3234750.00,0.70,-0.03,43.00,104043.00,122921.00,-18879.00,1.18
Arizona,2003,28518631.00,28681803.00,163172.00,0.99,-0.09,7.00,199576.00,199576.00,0.00,1.00
Arkansas,2003,13908370.00,15494425.00,1586055.00,0.90,-0.06,25.00,336996.00,342587.00,-5591.00,1.02
California,2003,268702893.00,310525322.00,41822429.00,0.87,-0.10,30.00,4752542.00,4435943.00,316599.00,0.93
Colorado,2003,30596662.00,40492108.00,9895446.00,0.76,-0.13,38.00,617827.00,426615.00,191212.00,0.69
Connecticut,2003,18588700.00,28114800.00,9526100.00,0.66,-0.03,47.00,657236.00,611465.00,45771.00,0.93
Delaware,2003,5340984.00,5314490.00,-26494.00,1.01,-0.02,5.00,76136.00,67287.00,8849.00,0.88
Florida,2003,101906724.00,89251331.00,-12655393.00,1.14,-0.01,1.00,1844203.00,1807319.00,36884.00,0.98
Georgia,2003,55801725.00,55159268.00,-642457.00,1.01,-0.01,4.00,1018966.00,1018389.00,577.00,1.00
Hawaii,2003,9073960.00,11952057.00,2878097.00,0.76,-0.08,37.00,190586.00,190586.00,0.00,1.00
Idaho,2003,6593700.00,7949400.00,1355700.00,0.83,-0.01,32.00,199690.00,218651.00,-18961.00,1.10
Illinois,2003,40424116.00,83825154.00,43401038.00,0.48,-0.05,49.00,2535590.00,1688571.00,847019.00,0.67
Indiana,2003,18002914.00,26188405.00,8185491.00,0.69,0.03,44.00,899398.00,925576.00,-26177.00,1.03
Iowa,2003,16436937.00,18387034.00,1950097.00,0.89,-0.03,26.00,301680.00,295103.00,6577.00,0.98
Kansas,2003,10853462.00,14439546.00,3586084.00,0.75,-0.02,39.00,282330.00,222758.00,59572.00,0.79
Kentucky,2003,21307773.00,24139011.00,2831239.00,0.88,-0.06,28.00,338248.00,339791.00,-1543.00,1.01
Louisiana,2003,19955089.00,29171602.00,9216513.00,0.68,-0.05,45.00,846265.00,821657.00,24608.00,0.97
Maine,2003,7787205.00,10471289.00,2684084.00,0.74,-0.03,42.00,261213.00,285646.00,-24433.00,1.09
Maryland,2003,32707845.00,35193398.00,2485553.00,0.93,-0.01,19.00,671123.00,617433.00,53690.00,0.92
Massachusetts,2003,33925000.00,45403000.00,11478000.00,0.75,0.04,41.00,1124870.00,751077.00,373793.00,0.67
Michigan,2003,50763400.00,58140300.00,7376900.00,0.87,-0.06,29.00,1023654.00,803130.00,220524.00,0.79
Minnesota,2003,42349547.00,44199133.00,1849586.00,0.96,-0.04,13.00,520185.00,540849.00,-20664.00,1.04
Mississippi,2003,17500040.00,22199810.00,4699770.00,0.79,-0.04,36.00,429192.00,431182.00,-1990.00,1.01
Missouri,2003,31249244.00,38147220.00,6897977.00,0.82,-0.11,33.00,704836.00,680244.00,24591.00,0.97
Montana,2003,6145523.00,6768282.00,622759.00,0.91,0.00,24.00,125973.00,125331.00,642.00,1.00
Nebraska,2003,5583361.00,6065355.00,481994.00,0.92,-0.04,22.00,117091.00,116445.00,646.00,0.99
Nevada,2003,15892062.00,19575633.00,3683571.00,0.81,-0.01,34.00,805171.00,724272.00,80899.00,0.90
New Hampshire,2003,3500037.00,4669192.00,1169155.00,0.75,-0.07,40.00,88258.00,88258.00,0.00,1.00
New Jersey,2003,82526013.00,88265327.00,5739315.00,0.94,-0.08,18.00,650403.00,25819.00,624584.00,0.04
New Mexico,2003,16621180.00,18622290.00,2001110.00,0.89,-0.06,27.00,397070.00,396734.00,336.00,1.00
New York,2003,106612000.00,107261000.00,649000.00,0.99,-0.21,8.00,651931.00,651931.00,0.00,1.00
North Carolina,2003,58170766.00,54857242.00,-3313524.00,1.06,0.00,3.00,249456.00,249994.00,-538.00,1.00
North Dakota,2003,2710500.00,2982200.00,271700.00,0.91,-0.06,23.00,50244.00,48881.00,1363.00,0.97
Ohio,2003,96190982.00,121412799.00,25221818.00,0.79,-0.02,35.00,2159767.00,2159767.00,0.00,1.00
Oklahoma,2003,15519024.00,23363456.00,7844432.00,0.66,0.01,46.00,990768.00,639213.00,351556.00,0.65
Oregon,2003,42753300.00,44078100.00,1324800.00,0.97,0.06,12.00,537400.00,535788.00,N/A,1.00
Pennsylvania,2003,80236000.00,80493300.00,257300.00,1.00,-0.06,6.00,75910.00,88778.00,-12868.00,1.17
Rhode Island,2003,5729600.00,8969860.00,3240260.00,0.64,-0.09,48.00,142799.00,142799.00,0.00,1.00
South Carolina,2003,22872709.00,27421732.00,4549023.00,0.83,-0.03,31.00,610369.00,609632.00,737.00,1.00
South Dakota,2003,4773678.00,4905995.00,132317.00,0.97,0.01,11.00,75989.00,75989.00,0.00,1.00
Tennessee,2003,25704500.00,26075500.00,371000.00,0.99,0.00,10.00,398334.00,398334.00,0.00,1.00
Texas,2003,109340390.00,115239912.00,5899522.00,0.95,-0.02,15.00,2046187.00,1757331.00,288856.00,0.86
Utah,2003,14718181.00,15546729.00,828548.00,0.95,0.02,16.00,380012.00,380012.00,0.00,1.00
Vermont,2003,2466324.00,2629348.00,163024.00,0.94,0.00,17.00,58849.00,50694.00,8155.00,0.86
Virginia,2003,40492000.00,42516000.00,2024000.00,0.95,-0.05,14.00,564441.00,362042.00,202399.00,0.64
Washington,2003,43987500.00,41193200.00,-2794300.00,1.07,-0.11,2.00,722300.00,192300.00,530000.00,0.27
West Virginia,2003,4294345.00,10693209.00,6398864.00,0.40,0.02,50.00,438912.00,419001.00,19911.00,0.96
Wisconsin,2003,62685300.00,63211700.00,526400.00,0.99,0.02,9.00,462700.00,462700.00,0.00,1.00
Wyoming,2003,5244021.00,5671996.00,427975.00,0.93,0.00,21.00,56236.00,71434.00,-15198.00,1.27
US Total,2003,1791105473.00,2024702427.00,233596954.00,0.89,-0.05,N/A,33191596.00,29016479.00,4173505.00,0.87
